symbol,current_price,market_cap,enterprise_value,pe_ratio,forward_pe,peg_ratio,price_to_book,price_to_sales,ev_to_revenue,ev_to_ebitda,profit_margin,operating_margin,gross_margin,roe,roa,revenue_growth,earnings_growth,debt_to_equity,current_ratio,quick_ratio,free_cash_flow,operating_cash_flow,beta,dividend_yield,sector,industry,company_name,country,volatility_30d,volatility_90d,max_drawdown,sharpe_ratio,return_1m,return_3m,return_6m,return_1y,sector_category,pe_ratio_sector_rank,profit_margin_sector_rank,revenue_growth_sector_rank,roe_sector_rank,beta_sector_rank,peg_ratio_calculated,quality_score_raw,value_score_raw,growth_score_raw,momentum_score_raw,altman_z_score,financial_health,is_profitable,profitability_status,risk_score,risk_category,quality_score,value_score,growth_score,momentum_score,composite_score
ADP,231.36,93573259264,95208996864.0,22.224785,19.337431,1.93259,14.583963,4.4108577,4.488,15.385,0.19964,0.26283002,0.48351002,0.73843,0.04709,0.062,0.115,70.044,1.032,0.081,3457787392.0,4740199936.0,0.847,2.94,Technology,Software - Application,"Automatic Data Processing, Inc.",United States,22.262484446534906,20.601583825553654,-28.0210090193006,0.4200927002244828,-12.914522182879162,-7.728825973786979,-23.460647456389594,-23.459241050343905,industrials,8.333333333333332,91.66666666666666,50.0,66.66666666666666,16.666666666666664,1.93259,43.61902855759028,44.455574570941046,27.802335920779228,28.28360417975828,4.605763768372456,Low Risk,True,Highly Profitable,6.694,High Risk,49.32310350968689,54.03326172512429,23.68893392141572,28.953119267301847,38.99960460588218
AEP,120.8,64660086784,112346988544.0,17.686678,19.103617,29.47779666666667,2.1271725,3.0418255,5.285,12.829,0.17228001,0.25885,0.48422,0.12923001,0.03209,0.109,0.006,152.132,0.686,0.419,-4280337408.0,6858200064.0,0.623,3.15,Utilities,Utilities - Regulated Electric,"American Electric Power Company, Inc.",United States,14.441505886107477,18.237465128514792,-29.560453430684625,0.5928566145896522,4.200813192238573,1.859394967919448,8.224473176717972,24.797725352593925,utilities,40.0,100.0,80.0,100.0,80.0,29.47779666666667,38.488866593764136,39.21289291807919,34.27603772178203,49.14535372531067,1.19292785698295,High Risk,True,Highly Profitable,6.246,High Risk,35.662018299488885,47.33950350961916,35.68117007229749,52.7291053327078,42.852949303528334
AIG,76.72,42503176192,39668273152.0,13.798561,9.765523,0.4272000309597522,1.0167515,1.5672262,1.463,4.771,0.120170005,0.15235,0.34012002,0.07688,0.017819999,-0.041,0.323,22.48,0.617,0.214,9084624896.0,2803000064.0,0.598,2.35,Financial Services,Insurance - Diversified,"American International Group, Inc.",United States,29.72786648434716,27.88185532061013,-26.449617389046328,0.5898569205197148,-1.5147628781287947,1.1040174992293483,-0.7099310567091788,5.070240169051199,finance,15.384615384615383,23.07692307692308,7.6923076923076925,23.07692307692308,15.384615384615383,0.4272000309597522,38.57871362700722,69.63201819299935,28.157690577860027,43.0909783730623,0.5486192063139175,High Risk,True,Profitable,6.196,High Risk,35.90127156004322,86.17807567551176,24.347212151711776,45.82897724443422,48.06388415792525
ALL,207.55,54312038400,57896206336.0,5.453232,8.334823,0.0528413953488372,1.8872129,0.80242354,0.855,4.627,0.15191,0.29017,0.31301,0.39518002,0.064899996,0.051,1.032,24.486,0.367,0.238,,,0.235,2.08,Financial Services,Insurance - Property & Casualty,The Allstate Corporation,United States,27.457361577090555,23.358940159005183,-27.34533201584001,0.6837078052627622,-1.6816688532055424,5.312417228656918,1.333441704464322,10.289702294767425,finance,7.6923076923076925,30.76923076923077,30.76923076923077,92.3076923076923,7.6923076923076925,0.0528413953488372,46.26526092264543,80.45761821174327,38.47519327015746,44.43572004282896,2.3412840915088173,Medium Risk,True,Highly Profitable,6.0,Medium Risk,56.36974376781252,100.0,43.45991344330093,47.36156966349906,61.79780671865313
AMT,171.27,80197394432,130053169152.0,27.31579,24.76002,,20.29025,7.670942,12.44,19.329,0.28106,0.45477,0.74285007,0.28839,0.04733,0.077,,418.09,0.59,0.492,4248437504.0,5235500032.0,0.944,3.97,Real Estate,REIT - Specialty,American Tower Corporation,United States,25.54112773233845,21.888236664707865,-45.3442102771305,-0.0680070059103178,0.551871327012976,-2.893743434675156,-15.519349332673404,-6.571402553790517,real_estate,40.0,80.0,80.0,100.0,40.0,,43.18850417202008,42.155716366177984,40.33268112313583,42.12505678963075,2.5350827723032765,Medium Risk,True,Highly Profitable,6.888,High Risk,48.17666206050576,51.09684563657043,46.900824635234486,44.728123355943374,47.72561392206351
APD,283.12,63038365696,82624569344.0,,20.187485,,4.0903835,5.163566,6.768,97.228,-0.02733,0.24280001,0.31628,-0.01667,-0.01105,0.058,0.097,101.991,1.459,1.008,-6148412416.0,3345799936.0,0.888,2.56,Basic Materials,Specialty Chemicals,"Air Products and Chemicals, Inc.",United States,27.5893269861953,31.74886616071088,-31.765681570303595,0.2354664638944357,8.38373546977409,10.19998379774647,-0.5781129822131525,-11.416698653864144,materials,,42.85714285714285,50.0,28.57142857142857,42.85714285714285,,27.030249824559665,44.47222771661005,28.80930875526506,54.35955295419726,1.1866938584526916,High Risk,False,Unprofitable,7.776,High Risk,5.148919263068123,54.05452415111481,25.554304987288152,58.67169072985098,35.857359782830514
AVB,173.83,24613449728,33646094336.0,23.45884,32.294804,,2.070662,8.093364,11.063,18.392,0.34569,0.29693002,0.62786,0.088879995,0.026700001,0.03,-0.408,78.826,0.231,0.123,,,0.754,4.1,Real Estate,REIT - Residential,"AvalonBay Communities, Inc.",United States,26.129335188799047,20.09711171872744,-38.3561503439197,0.1626459688971596,-5.568231148436897,0.1426789213540447,-5.18731005104367,-18.79510255357847,real_estate,20.0,100.0,40.0,75.0,20.0,,55.89118232922276,45.860896700338216,22.6871092807931,38.85955775644376,0.6679536013531381,High Risk,True,Highly Profitable,6.508,High Risk,82.00256656934584,55.82755082599854,14.213210800759638,41.0064575704291,48.26244644163328
BK,124.32,86694445056,-24630501376.0,16.8,13.302189,0.5454545454545454,2.167364,4.310583,-1.225,,0.2759,0.36638,0.0,0.12898,0.012569999,0.078,0.308,,,,,,1.094,1.71,Financial Services,Banks - Diversified,The Bank of New York Mellon Corporation,United States,22.186617545193933,19.649342303202182,-40.45244335254085,1.0515152938364174,4.015562306708742,15.17310807146881,21.72524925860557,46.917684061275125,finance,46.15384615384615,69.23076923076923,38.46153846153847,53.84615384615385,46.15384615384615,0.5454545454545454,40.40270897053839,63.85276307826865,37.81428657463147,54.41867714514329,3.81473831372549,Low Risk,True,Highly Profitable,5.188000000000001,Medium Risk,40.75838055322591,78.79923046513905,42.23561405323343,58.73907414546488,55.13307480426582
BKR,58.92,58226892800,61389893632.0,22.66154,20.321655,,3.0870793,2.0995526,2.214,13.076,0.09332,0.1251,0.23676,0.14552,0.05538,0.003,-0.256,35.255,1.357,0.746,1127374976.0,3809999872.0,0.859,1.56,Energy,Oil & Gas Equipment & Services,Baker Hughes Company,United States,34.1998537232783,32.53323606452986,-46.52737190516672,0.7242720208446428,17.370512496970857,24.592930911953825,36.75197238881434,28.096109377511347,energy,71.42857142857143,57.14285714285714,71.42857142857143,71.42857142857143,100.0,,36.05639685895633,50.89707505551465,27.91202536156492,70.28618349808076,1.5257867276336312,High Risk,True,Profitable,6.718,High Risk,29.18460558761933,62.257649480054575,23.892128587712584,76.82315712788245,48.03938519581723
CCI,80.88,35221540864,64649801728.0,32.095238,26.958021,,-21.51636,8.260211,15.162,23.289,0.10413,0.4916,0.74085,,0.04058,-0.35,,,0.255,0.098,1392249984.0,3056999936.0,0.984,5.25,Real Estate,REIT - Specialty,Crown Castle Inc.,United States,36.9672623584712,27.04834199252647,-55.476985794466806,-0.311513915349805,-4.306672425722402,-6.802900202972717,-20.80515298628384,-5.754385210027612,real_estate,60.0,20.0,20.0,,60.0,,38.84037860247845,41.90757462803854,21.87762345642896,36.22471022815957,2.83806431372549,Medium Risk,True,Profitable,4.968,Medium Risk,36.59805804585836,50.78002289045273,12.713675378064965,38.00354077382179,34.52382427204946
CDNS,283.52,77256359936,76723527680.0,73.07216,35.210384,3.5300560386473427,14.843978,14.821006,14.719,40.752,0.20354,0.35089,0.85545,0.21736,0.11089,0.101,0.207,47.685,3.048,2.685,1384099840.0,1616644992.0,1.005,,Technology,Software - Application,"Cadence Design Systems, Inc.",United States,41.00079097873848,32.675073134769924,-29.58518066995995,0.5290242932613023,-11.066499413484287,-12.615201619176386,-19.468275015685265,-6.4012460513079406,tech,87.5,42.10526315789473,31.57894736842105,36.84210526315789,10.526315789473683,3.5300560386473427,42.43461951266991,3.920430038179292,32.12095923281266,28.79750725397977,4.313703558339449,Low Risk,True,Highly Profitable,7.01,High Risk,46.16914599324253,2.27874472431658,31.68898585408052,29.538810908598744,27.418921870059595
CHTR,231.14,29911681024,132226613248.0,6.381557,4.6745663,2.658982083333333,1.8232014,0.5460927,2.414,5.994,0.09105,0.24741,0.55309,0.28667998,0.054840002,-0.023,0.024,482.329,0.387,0.312,2734625024.0,16076999680.0,1.047,,Communication Services,Telecom Services,"Charter Communications, Inc.",United States,45.62442155463658,37.60136251688115,-77.73352390541723,-0.415201700137872,10.218869863001244,6.095657184472558,-9.911527929464992,-34.578698313988234,telecom,100.0,100.0,100.0,100.0,100.0,2.658982083333333,31.402744076293303,53.483234443482594,22.14817486994428,53.72682569975581,1.6389261306531298,High Risk,True,Profitable,7.093999999999999,High Risk,16.79241453187723,65.55960958292796,13.214859482857689,57.950576024109054,38.37936490544298
CI,292.05,78014095360,102138888192.0,13.173206,8.7362795,,1.8998086,0.28379083,0.372,7.917,0.02167,0.03346,0.092980005,0.1513,0.04034,0.104,-0.112,75.137,0.849,0.666,10602749952.0,9601000448.0,0.283,2.14,Healthcare,Healthcare Plans,The Cigna Group,United States,27.064373095959592,41.207790557546616,-32.10261188001605,0.3665124727160305,2.867100146477064,14.55282248353269,7.37499342222705,3.7680021044427248,healthcare,6.666666666666667,20.0,73.33333333333333,53.333333333333336,6.666666666666667,,32.74658992812625,59.87540184670611,30.78580173669128,51.766381922418326,0.7292252511211359,High Risk,True,Marginally Profitable,6.0,Medium Risk,20.370935604059724,73.72100977911471,29.21566773034065,55.71627233686509,44.75597136259505
CL,94.41,76304130048,82875727872.0,35.89734,22.778818,,1409.1045,3.743702,4.066,16.841,0.1046,0.20746,0.60107,4.9747,0.16567,0.058,,2188.493,0.995,0.535,3227000064.0,4198000128.0,0.291,2.2,Consumer Defensive,Household & Personal Products,Colgate-Palmolive Company,United States,25.555686008490863,22.334780051635928,-29.045853627638152,0.308003373385656,17.45778778942868,22.93013922801572,12.911750780217002,12.904312733019818,consumer_staples,87.5,50.0,75.0,100.0,62.5,,25.29323107114373,38.38613754062379,41.65292209206874,67.40008347375222,5.680074933346676,Low Risk,True,Profitable,6.0,Medium Risk,0.523419840350256,46.28391765366047,49.34651057539626,73.53388966678244,42.42193443404736
CMG,39.39,52084531200,55329120256.0,34.55263,28.66687,8.6381575,18.152073,4.3674555,4.64,23.229,0.12878,0.15213001,0.40098998,0.47355,0.13878,0.049,0.04,179.319,1.235,1.092,1011670272.0,2113926016.0,0.996,,Consumer Cyclical,Restaurants,"Chipotle Mexican Grill, Inc.",United States,28.76996446170861,44.16007527556422,-56.51489036394434,0.2534292712394891,0.5359854079554749,28.893979312881378,-4.94690951977802,-31.280531054843664,consumer,87.5,87.5,75.0,83.33333333333334,50.0,8.6381575,37.29849150056106,23.97049108624536,25.768224137232394,52.84968728917508,3.1103553759227847,Low Risk,True,Profitable,6.992,High Risk,32.49217381991688,27.878288955389475,19.920834985841285,56.95090767980925,34.31055136023922
CRWD,395.5,99704930304,95764414464.0,,81.821884,,24.821136,21.840363,20.977,-1020.681,-0.06882,-0.05589,0.74277,-0.088149995,-0.02001,0.222,,20.154,1.811,1.615,1416660352.0,1460201984.0,1.034,,Technology,Software - Infrastructure,"CrowdStrike Holdings, Inc.",United States,44.018525605269474,37.50540260708627,-67.69220151886314,0.4266859385144926,-14.73904236895408,-25.73049171970317,-6.829369573206822,-5.947542076243217,tech,,5.263157894736842,78.94736842105263,5.263157894736842,15.789473684210526,,26.38064160011536,32.5,46.69890786521241,22.96719069228227,0.2354063596558222,High Risk,False,Unprofitable,8.068,High Risk,3.419080445121624,38.768606954099695,58.69396816081592,22.8940410140537,30.943924143522736
CSX,40.61,75708293120,93895041024.0,26.37013,19.45436,21.97510833333333,5.752125,5.372431,6.663,14.752,0.20501,0.31642,0.45167,0.22511,0.06774,-0.009,0.012,143.412,0.814,0.215,946625024.0,4613000192.0,1.29,1.28,Industrials,Railroads,CSX Corporation,United States,21.8462544711071,18.929369197756355,-29.44236431928411,0.3682625934403576,14.97735266487712,15.927505044898528,15.503804225470551,26.02501211634629,industrials,16.666666666666664,100.0,16.666666666666664,33.33333333333333,83.33333333333334,21.97510833333333,41.38887648468005,30.17146644197381,29.33500410975173,63.41305600451636,1.9907084310077952,Medium Risk,True,Highly Profitable,7.58,High Risk,43.38444158935168,35.79557870898227,26.52813155950516,68.98990310688474,43.67451374118096
CVS,78.35,99460030464,170162028544.0,206.1842,10.926622,,1.3644121,0.25392538,0.434,11.534,0.0011999999,0.022650002,0.13352,0.0057800002,0.02498,0.078,,111.821,0.832,0.594,6976625152.0,9109000192.0,0.501,3.4,Healthcare,Healthcare Plans,CVS Health Corporation,United States,48.20959135853903,33.47850105573807,-56.788830120038334,0.2330253601223902,-1.991765373262866,0.4254161064926043,21.51423230555043,49.96124835565621,healthcare,100.0,6.666666666666667,40.0,6.666666666666667,60.0,,30.300817459033816,31.030679390586272,46.603708895878,44.76543178128862,-0.0554129280350207,High Risk,True,Marginally Profitable,6.002,High Risk,13.858099100919578,36.89260578681438,58.51761642935342,47.73733976284285,39.25141526998256
D,62.33,53224415232,106237411328.0,20.369282,17.321396,3.2853680645161285,1.9936031,3.3658645,6.718,13.86,0.16790001,0.34504002,0.49029,0.09204,0.029790001,0.149,0.062,154.315,0.845,0.361,-9946749952.0,5015000064.0,0.706,4.28,Utilities,Utilities - Regulated Electric,"Dominion Energy, Inc.",United States,17.8299731569994,18.13147557084419,-52.19993114024317,0.0772075350863303,7.837374833544231,4.187858851567849,3.1517612382325533,20.0842912051977,utilities,100.0,80.0,100.0,40.0,100.0,3.2853680645161285,37.38310770186269,36.87665514675217,35.947965136972755,52.45006036148645,1.4503118975243805,High Risk,True,Highly Profitable,6.412,High Risk,32.71749792163054,44.35663866855884,38.77833905017575,56.4954557416418,43.08698284550173
DD,46.73,19578716160,27330717696.0,27.01156,21.571243,,0.85496825,1.5244659,2.128,8.333,-0.060110003,0.17773001,0.37117,0.03217,0.03462,0.073,,39.673,2.002,0.838,-1093124992.0,1900000000.0,1.16,3.06,Basic Materials,Specialty Chemicals,"DuPont de Nemours, Inc.",United States,30.02246517682943,31.183803428768968,-40.215306334919816,0.4626205360212382,7.672806219538453,19.96978717340645,60.13899031034049,47.25968415113522,materials,20.0,28.57142857142857,71.42857142857143,42.85714285714285,85.71428571428571,,26.653340180343445,48.19460969177016,46.0889512336007,62.970757900334334,1.7745587406833907,High Risk,False,Unprofitable,8.32,High Risk,4.145248267397843,58.80719207514844,57.564051431109455,68.48581913546013,47.250577727278966
DDOG,111.69,39166418944,36305395712.0,360.2903,47.68085,,11.384161,12.194952,11.304,5832.192,0.033239998,-0.00656,0.79959,0.03519,-0.00503,0.284,-0.337,37.199,3.663,3.551,838500736.0,988294016.0,1.286,,Technology,Software - Application,"Datadog, Inc.",United States,60.64677883545653,62.02318269103381,-68.1064309089537,0.228380316035905,-14.53167378229766,-41.46840050601411,-14.681843008966444,-22.892649130033107,tech,100.0,21.052631578947366,89.47368421052632,21.052631578947366,63.1578947368421,,32.270262433602475,20.908318223313486,33.84271188603207,17.558940994223036,2.844177218361149,Medium Risk,True,Marginally Profitable,7.572,High Risk,19.10252526213823,23.968563720145035,34.87845380387333,16.730297691446978,23.66996011940089
DG,146.65,32280430592,47548231680.0,25.328152,20.595608,0.5782683105022831,3.9432642,0.7664345,1.129,15.105,0.03033,0.03999,0.30407,0.16450001,0.04191,0.046,0.438,201.663,1.171,0.183,1971688448.0,3619726080.0,0.255,1.61,Consumer Defensive,Discount Stores,Dollar General Corporation,United States,31.36216662888464,39.88091581099263,-72.60815010276286,-0.0062222189809535,1.840273539225268,53.50784980727372,27.37815824368948,106.42167814932884,consumer,37.5,37.5,62.5,33.33333333333333,12.5,0.5782683105022831,30.716936449654533,59.279398648622575,44.03313922638306,64.77076097304285,1.1304255719637732,High Risk,True,Marginally Profitable,6.0,Medium Risk,14.966180488707092,72.96004400476501,53.75575382485373,70.53726970440486,53.05481200568268
DLR,171.62,60025810944,77816954880.0,47.805016,48.44492,,2.6566153,9.871522,12.797,28.146,0.2152,0.14448,0.55464,0.05469,0.0119,0.171,-0.532,79.109,1.163,1.094,,,1.148,2.84,Real Estate,REIT - Specialty,"Digital Realty Trust, Inc.",United States,23.352747461235744,24.55060261341738,-48.5152171764538,0.3008336793840592,12.221279890485537,2.7583989615336035,2.535947059366772,5.234730033561608,real_estate,80.0,60.0,100.0,25.0,100.0,,48.34395227290405,25.31278419860648,30.45290214192872,55.71456536248439,0.9258731890696292,High Risk,True,Highly Profitable,7.295999999999999,High Risk,61.90508161129953,29.59210378211628,28.598986474755623,60.21598863581234,45.07804012599594
DOW,31.78,22803232768,39649230848.0,,49.53319,,1.4238989,0.57053727,0.992,14.669,-0.065630004,-0.031400003,0.062319998,-0.13818,-0.00066,-0.091,,111.871,1.967,1.023,-784750016.0,1032000000.0,0.753,4.41,Basic Materials,Chemicals,Dow Inc.,United States,48.8846556974509,48.29817596782569,-64.37202946182529,-0.1015233478946948,22.60802697956408,45.14903893564226,54.18561806074989,-11.90182059326238,materials,,14.285714285714285,14.285714285714285,14.285714285714285,14.285714285714285,,25.09667065776805,48.283546943445714,32.44906911523153,82.8164082123519,0.1814180582259554,High Risk,False,Unprofitable,7.506,High Risk,0.0,58.92074550037744,32.29679438687325,91.10376420507892,45.58032602308241
DUK,121.86,94765801472,185862799360.0,19.190552,18.193327,1.511067086614173,1.8777735,3.0338647,5.95,11.651,0.15972,0.27125,0.52401,0.09905,0.02854,0.048,0.127,170.344,0.629,0.243,-1939250048.0,12049000448.0,0.51,3.5,Utilities,Utilities - Regulated Electric,Duke Energy Corporation,United States,12.991783443419386,14.40904443782464,-24.158858524800188,0.4946321699683327,3.8697587174709502,-0.871595028397476,-1.067797067890719,10.257994764475242,utilities,80.0,60.0,20.0,60.0,40.0,1.511067086614173,37.78466137348616,53.17828880679093,31.005835207419665,47.07491368986143,1.0252451292602462,High Risk,True,Highly Profitable,6.02,High Risk,33.78679338699727,65.17026067791232,29.623269659373623,50.36943970041692,44.73744085617503
ECL,290.33,82344812544,88659181568.0,41.834293,34.25581,,12.376587,5.182048,5.579,23.276,0.12489,0.14715,0.44358003,0.21869,0.07754,0.178,,103.915,1.697,1.259,1397549952.0,2629199872.0,0.992,1.01,Basic Materials,Specialty Chemicals,Ecolab Inc.,United States,15.833247432057144,20.246363553697087,-43.69998784471806,0.333117546167109,6.841097006685248,15.049376067756937,6.953847835000127,17.312487333630887,materials,100.0,71.42857142857143,100.0,100.0,57.14285714285714,,37.30549430866186,32.632717374329346,47.350249863247946,55.28382926887242,2.285667323791196,Medium Risk,True,Profitable,6.984,High Risk,32.5108215660992,38.93805802391096,59.90054938675674,59.7250818047614,47.76862769538208
ED,107.34,38742827008,65236828160.0,18.765734,17.795948,1.5133656451612902,1.6033579,2.33489,3.932,10.968,0.122700006,0.25342,0.53414,0.08839,0.03264,0.107,0.124,110.373,1.075,0.694,-85625000.0,4630000128.0,0.388,3.2,Utilities,Utilities - Regulated Electric,"Consolidated Edison, Inc.",United States,14.267245223135076,16.80138988202551,-22.02708246676656,0.6053851330918626,7.147131174788912,11.592918311399458,4.449218854398973,16.374283468921536,utilities,60.0,40.0,60.0,20.0,20.0,1.5133656451612902,36.56638792668592,54.052273362056425,34.21771655780469,54.23919882616272,1.3622953660255654,High Risk,True,Profitable,6.0,Medium Risk,30.54265850716062,66.28614786778958,35.57313278659765,58.53452399487436,47.73411578910555
ELV,338.98,76330942464,71549468672.0,13.440921,11.446815,0.3702733057851239,1.7050536,0.38332984,0.359,7.915,0.02843,0.0154,0.25563,0.1325,0.043509997,0.095,0.363,74.288,1.535,1.412,3399749888.0,4289999872.0,0.503,2.03,Healthcare,Healthcare Plans,"Elevance Health, Inc.",United States,50.83476925915772,37.89238474951414,-50.38193130830473,0.2121954867083024,-9.549851662758968,8.359984262594967,16.529942025087152,-11.506740027466478,healthcare,13.333333333333334,26.666666666666668,60.0,46.66666666666666,66.66666666666666,0.3702733057851239,32.16268633547571,71.30056445793846,32.56242961270728,40.17475098383347,1.2617793124983177,High Risk,True,Marginally Profitable,6.006,High Risk,18.816061354477448,88.30844444638493,32.5067895175881,42.50537384202247,45.53416729011824
EMR,157.38,88495104000,100773560320.0,38.573532,21.964619,7.872149387755101,4.3619733,4.865844,5.541,17.144,0.12718001,0.24597,0.52757,0.09646,0.066149995,0.041,0.049,69.283,0.841,0.571,2879375104.0,3020000000.0,1.249,1.38,Industrials,Specialty Industrial Machinery,Emerson Electric Co.,United States,33.22493390123362,28.431432514192995,-29.614817823643406,0.608558728851478,9.405629617812172,20.20905586287525,19.54680485834464,25.55754814489244,industrials,75.0,33.33333333333333,37.5,8.333333333333332,75.0,7.872149387755101,37.69599434974681,21.1412082591626,31.75496863495109,60.34811621073855,1.1494324721544744,High Risk,True,Profitable,7.498,High Risk,33.550682368440945,24.265913377056453,31.0110050305155,65.49681324550706,38.58110350537999
EOG,113.7,62079447040,66290446336.0,11.290963,11.790691,,2.0415492,2.7403307,2.926,5.637,0.24410999,0.33223,0.62289,0.18476999,0.09086,-0.024,-0.085,26.835,1.624,1.29,2926749952.0,10195000320.0,0.472,3.59,Energy,Oil & Gas E&P,"EOG Resources, Inc.",United States,28.37325644238623,23.78953663581643,-33.41954697622649,0.6297398622580304,8.72773063507315,9.317970359881356,-0.3388358379553091,-6.919314923915342,energy,14.285714285714285,100.0,42.85714285714285,85.71428571428571,28.57142857142857,,45.10168469600894,59.47691670441061,24.26817098456889,54.41165997404563,2.6814598347085123,Medium Risk,True,Highly Profitable,6.0,Medium Risk,53.27126186943858,73.21223137683633,17.14205520904822,58.73107672598324,50.58915629532659
EQIX,848.12,83273580544,102201573376.0,78.095764,55.312183,3.410295371179039,5.882206,9.175141,11.261,26.206,0.118,0.21851999,0.50353,0.077,0.03196,0.066,0.229,147.969,1.34,1.069,3821750016.0,3748000000.0,1.067,2.21,Real Estate,REIT - Specialty,"Equinix, Inc.",United States,23.14352407378394,22.302204751314115,-41.76799578421721,0.2243323655037988,8.471886967400199,4.14069413099698,10.59795620270638,-7.541986906725562,real_estate,100.0,40.0,60.0,50.0,80.0,3.410295371179039,36.3419441864646,8.710770146844274,30.653532465145805,53.74740492802398,1.4528736826218112,High Risk,True,Profitable,7.134,High Risk,29.944988281214712,8.39496168743052,28.97064496150804,57.97403002270455,31.321156238214456
EXC,44.33,44772737024,93182173184.0,15.888889,15.649988,0.6938379475982532,1.5930572,1.8412114,3.832,11.603,0.116009995,0.22177,0.42286998,0.10308,0.02853,0.09,0.229,177.601,0.939,0.608,-1639750016.0,6435999744.0,0.566,3.61,Utilities,Utilities - Regulated Electric,Exelon Corporation,United States,15.258201625432472,16.237977589349022,-29.054823546976195,0.5341539381270892,2.025318878396498,-2.172216755469936,-0.4517381046325264,11.725488299624075,utilities,20.0,20.0,40.0,80.0,60.0,0.6938379475982532,35.25482198687539,65.00413942599691,33.81836914227281,45.16086440464839,1.1918712819082151,High Risk,True,Profitable,6.132,High Risk,27.05009546745846,80.26928632529932,34.83335998573109,48.18801148250279,47.58518831524791
FCX,60.67,87117905920,103369998336.0,39.914474,18.253313,0.8367814255765199,4.494407,3.3616786,3.989,11.733,0.08505,0.14397,0.37063,0.13946,0.07192,-0.015,0.477,33.768,2.291,0.912,1371124992.0,5609999872.0,1.434,0.99,Basic Materials,Copper,Freeport-McMoRan Inc.,United States,48.492968462193545,40.92856437083977,-51.256968298280114,0.507919414245891,12.174787630518004,57.36395412817439,45.782954726488455,65.58285214428363,materials,80.0,57.14285714285714,28.57142857142857,71.42857142857143,100.0,0.8367814255765199,35.616304208559995,43.16197259314772,37.20118745303527,76.70561997546815,2.493006068387708,Medium Risk,True,Profitable,7.868,High Risk,28.01268484908532,52.38161483145471,41.09987600472756,84.13934275751296,51.408379610695135
FTNT,82.76,63416180736,58912755712.0,34.198345,24.948376,341.98345,49.705708,9.326457,8.664,26.462,0.27257,0.32766,0.80456,1.3571601,0.12866001,0.148,0.001,80.509,1.172,1.048,1783074944.0,2590599936.0,1.047,,Technology,Software - Infrastructure,"Fortinet, Inc.",United States,30.82144301455914,28.63683758403228,-38.315892861555206,0.6153861553572662,6.034591800527256,2.756395822532376,11.251516084495016,-20.97020514561565,tech,50.0,63.1578947368421,42.10526315789473,94.73684210526316,21.052631578947366,341.98345,49.10508002266141,20.49495104235236,30.887558018865267,51.30308688503332,6.265697428954657,Low Risk,True,Highly Profitable,7.093999999999999,High Risk,63.931885271417634,23.4407842082862,29.4041665835744,55.18825831153202,42.99127359370256
GIS,47.87,25542574080,38606372864.0,10.294623,12.8190365,,2.7416954,1.3603334,2.056,10.894,0.1351,0.17874001,0.33830002,0.27173,0.056810003,-0.072,-0.458,147.23,0.657,0.334,2478249984.0,2359800064.0,-0.063,5.1,Consumer Defensive,Packaged Foods,"General Mills, Inc.",United States,29.71026492629873,24.146935091976044,-47.73927243139764,-0.0081654201685878,10.528750012331043,5.576825725584267,-1.3575640551581225,-15.149134024838665,consumer_staples,12.5,75.0,25.0,42.85714285714285,12.5,,37.67502499872038,61.21655258273564,18.25349893840905,54.71656328128783,1.6122836657085031,High Risk,True,Profitable,6.0,Medium Risk,33.49484317794472,75.4333660410342,6.000150659709389,59.07857283451708,43.50173317830135
HAL,34.98,29824020480,35451441152.0,23.32,13.014264,,2.7921455,1.3443933,1.598,8.603,0.05783,0.14902,0.15705,0.12274,0.07374,0.008,-0.005,79.162,2.04,1.279,2139624960.0,2926000128.0,0.75,1.94,Energy,Oil & Gas Equipment & Services,Halliburton Company,United States,40.70497989246263,39.57818151402128,-54.01058116005514,0.4684320036502827,8.734850895961799,28.80492301347544,69.70393780148217,41.36297427499191,energy,85.71428571428571,28.57142857142857,85.71428571428571,42.85714285714285,85.71428571428571,,33.597342055381624,50.98836804074742,31.625155769155,67.54943805249172,2.158096728035164,Medium Risk,True,Profitable,6.5,High Risk,22.63639961575048,62.37421066198067,30.77053264085301,73.70410800705929,47.37131273141086
HSY,231.53,46950838272,51385647104.0,53.471134,24.042501,,10.116665,4.01544,4.395,25.162,0.07554,0.15984,0.33594,0.1889,0.07247,0.07,-0.599,116.527,1.192,0.55,,,0.169,2.51,Consumer Defensive,Confectioners,The Hershey Company,United States,33.91258463978731,28.272796622628576,-45.25174761021881,0.5235385144425683,25.32070299285352,39.17543219362452,27.58478472266892,56.96596704361754,consumer_staples,100.0,25.0,87.5,28.57142857142857,25.0,,40.29949545471641,27.10010074757361,31.221966641043736,80.59023171005248,1.6725529657018805,High Risk,True,Profitable,6.0,Medium Risk,40.483533746354986,31.87411623786517,30.02364324334794,88.56660684048533,47.73697501701336
HUM,193.94,23325759488,14210758656.0,18.142189,16.155796,,1.2593507,0.18459474,0.112,3.681,0.01022,0.02043,0.14949,0.07159,0.045760002,0.111,-0.593,69.686,2.024,1.533,1578249984.0,2044999936.0,0.441,1.83,Healthcare,Healthcare Plans,Humana Inc.,United States,70.64592312233697,56.51366583941309,-65.59184927425149,-0.221097159148991,-30.12933770799218,-22.50236226588996,-26.772313064768383,-29.66222177261323,healthcare,26.666666666666668,13.333333333333334,80.0,20.0,46.66666666666666,,30.77718845148717,56.12673879536919,23.50837362367541,8.685837106161376,1.463717025711662,High Risk,True,Marginally Profitable,6.0,Medium Risk,15.126625273282038,68.93478666687415,15.734565389662365,6.617684943470131,26.60341556832217
ITW,293.57,85575655424,93107511296.0,28.012407,24.229284,3.837316027397261,26.352783,5.3338103,5.803,20.206,0.1911,0.26509002,0.44097,0.93718004,0.16882999,0.041,0.073,278.022,1.21,0.796,,,1.159,2.19,Industrials,Specialty Industrial Machinery,Illinois Tool Works Inc.,United States,27.21753541340721,22.788071076170827,-28.045308116253885,0.4664518371086243,15.701735020506112,20.944130190205623,15.68457203439666,17.973262040283224,industrials,25.0,83.33333333333334,37.5,91.66666666666666,50.0,3.837316027397261,47.05710943610143,28.37756839689244,31.11402356472736,65.57604571528451,5.77429397429257,Low Risk,True,Highly Profitable,7.318,High Risk,58.47835361135498,33.50516312166788,29.8236836372632,71.4550469391672,48.31556182736332
K,83.44,29031499776,35109498880.0,22.797813,21.969112,,6.907285,2.2913575,2.771,15.325,0.10079,0.15031,0.35209,0.32112,0.076409996,0.008,-0.162,145.099,0.678,0.382,504000000.0,1255000064.0,0.25,0.0278,Consumer Defensive,Packaged Foods,Kellanova,United States,1.4169366793967646,9.801647569359483,-29.936361147532565,0.6410461036805101,0.8433233245933591,5.782014138124003,5.510035449309991,6.500550194272137,consumer_staples,50.0,37.5,50.0,57.14285714285714,37.5,,35.61740600080588,50.16564440269723,26.51215596596175,47.17529026908306,1.7865143713139782,High Risk,True,Profitable,6.0,Medium Risk,28.015618806699344,61.32377245574656,21.29893463338727,50.48383816655014,40.28054101559583
KMB,104.33,34626408448,41257127936.0,21.467077,13.521798,1.74529081300813,23.056353,2.1053329,2.508,12.246,0.122880004,0.13505,0.37308,1.26603,0.09526,-0.172,0.123,441.104,0.745,0.362,1126499968.0,2776999936.0,0.277,4.91,Consumer Defensive,Household & Personal Products,Kimberly-Clark Corporation,United States,19.5069952501762,30.60452576239762,-31.71254788442357,-0.0622433088636343,5.522402076257049,4.791012891875024,-21.68176113351281,-15.61006833152372,consumer_staples,37.5,62.5,12.5,85.71428571428571,50.0,1.74529081300813,36.1063723085078,48.69686006294664,18.56897360528877,48.08805107041879,5.192931987672121,Low Risk,True,Profitable,6.0,Medium Risk,29.317684987364323,59.44845598757156,6.584553034291488,51.52410509364657,36.71869977571848
KMI,30.5,67855187968,101089501184.0,22.262774,20.824657,0.44525548,2.1777937,4.0063286,5.969,14.098,0.18043,0.30257,0.49306,0.09826,0.040960003,0.131,0.5,98.626,0.637,0.015,,,0.691,3.84,Energy,Oil & Gas Midstream,"Kinder Morgan, Inc.",United States,22.531477400074465,21.232240593046605,-20.307859220477027,0.912593652844616,12.929736077290157,17.901755418717258,15.821381041773463,18.805815657036383,energy,57.14285714285714,85.71428571428571,100.0,28.57142857142857,57.14285714285714,0.44525548,46.251799452427,60.80653697964516,38.57562496746012,62.28797564014664,1.1369192862240969,High Risk,True,Highly Profitable,6.382,High Risk,56.33389727933803,74.90986576133021,43.645958563714224,67.70765709931442,60.64934467592422
KMX,47.17,6926680064,24527005696.0,15.465573,18.409456,,1.1127362,0.24885507,0.881,23.191,0.016449999,0.01832,0.123859994,0.07459,0.01721,-0.067,-0.472,297.523,1.993,0.169,648438528.0,2484491008.0,1.352,,Consumer Cyclical,Auto & Truck Dealerships,"CarMax, Inc.",United States,40.25066848825426,56.64419643126115,-80.05812209001549,-0.280838369109636,5.71492446907782,52.75258889538878,-14.173946588962338,-45.49341614291352,consumer,12.5,12.5,12.5,16.666666666666664,87.5,,28.41725442459024,58.19947785118807,15.01447115048538,63.58525071349906,1.4297669717241452,High Risk,True,Marginally Profitable,7.704000000000001,High Risk,8.842367571632364,71.58122125935265,0.0,69.18615217949342,37.40243525261961
MCHP,76.01,41131708416,46285606912.0,,28.643566,,6.2699003,9.407124,10.586,47.235,-0.01574,0.13196,0.55407,-0.010930001,0.011569999,0.156,,82.382,2.162,0.927,996412480.0,911000000.0,1.438,2.39,Technology,Semiconductors,Microchip Technology Incorporated,United States,48.49698374351466,48.17001787121978,-63.76705121824679,0.2193353917608524,3.3727776392019626,29.22593947832077,24.821697974149703,47.63512657435332,tech,,10.526315789473683,47.368421052631575,10.526315789473683,73.68421052631578,,28.85347456722371,40.98653358547851,49.73508712045335,58.45178413727308,1.5549550956893872,High Risk,False,Unprofitable,8.876,High Risk,10.00397622666907,49.60405485468841,64.3183512023112,63.33557720652348,46.81548987254804
MDLZ,60.02,77447315456,96832380928.0,31.756615,17.640749,,2.977035,2.0096872,2.513,20.568,0.0636,0.06841,0.28375,0.09332,0.02991,0.093,-0.604,84.848,0.592,0.319,3411749888.0,4513999872.0,0.401,3.33,Consumer Defensive,Confectioners,"Mondelez International, Inc.",United States,23.365927807555213,21.137488932905708,-29.135749250293657,0.2108388533686024,11.168732342717934,7.799555191638197,-1.2452951669776002,7.0657307089717625,consumer_staples,75.0,12.5,100.0,14.285714285714285,87.5,,33.947254923626275,43.83298517778232,26.683378207422265,55.95200017473992,0.2961373927502415,High Risk,True,Profitable,6.0,Medium Risk,23.568181018158647,53.238351192445336,21.616115995302906,60.48659138537095,39.72730989781946
MET,76.38,50326142976,62591815680.0,15.780991,6.9356723,,1.7435967,0.65287405,0.812,11.665,0.04384,0.047280002,0.20626,0.11963,,0.276,-0.342,130.182,,,,,0.738,2.97,Financial Services,Insurance - Life,"MetLife, Inc.",United States,26.497279032219183,23.830463249849306,-35.08819194459507,0.4280039990284506,-3.5756533913436472,1.2601587325830277,1.590350535290419,-5.996515273098291,finance,30.76923076923077,7.6923076923076925,92.3076923076923,46.15384615384615,23.07692307692308,,38.14754822456658,57.56669086847517,35.31600155762336,41.60690914491629,0.7618549701000614,High Risk,True,Marginally Profitable,6.476,High Risk,34.75312314992208,70.77329063440482,37.60765545749922,44.13759420815288,46.81791586249475
MLM,690.0,41611927552,47460929536.0,35.45735,31.437658,2.2584299363057325,4.2744575,6.0280933,6.875,20.405,0.16688,0.27898002,0.30552,0.12523,0.060399998,0.124,0.157,60.618,2.966,0.902,-444750016.0,1842000000.0,1.141,0.48,Basic Materials,Building Materials,"Martin Marietta Materials, Inc.",United States,28.50696116065358,22.314807998959942,-32.75436134436871,0.6750428959685854,8.13182928329339,13.57652693908118,13.247522695414782,27.23417473630188,materials,60.0,85.71428571428571,85.71428571428571,57.14285714285714,71.42857142857143,2.2584299363057325,39.71048447059761,30.24617597103225,36.419847326925165,56.59277784345876,3.529278095161444,Low Risk,True,Highly Profitable,7.282,High Risk,38.915059047012704,35.89096644316569,39.65247919923667,61.21688109042259,43.91884644495941
MMM,172.65,90934755328,96178757632.0,28.72712,18.44636,,19.471073,3.6449716,3.855,15.987,0.13027,0.12408,0.39915,0.75501,0.075840004,0.02,-0.199,276.638,1.708,1.195,1260249984.0,2305999872.0,1.166,1.81,Industrials,Conglomerates,3M Company,United States,34.78658046119032,28.88409703391493,-54.07282070347807,0.2929402268721568,4.484379179972176,5.823525731212986,13.628845451257,15.486890642244578,industrials,33.33333333333333,41.66666666666667,25.0,75.0,58.333333333333336,,37.05704718240012,44.094453324731774,27.72335012865548,51.14878592879014,4.896128701714814,Low Risk,True,Profitable,7.332,High Risk,31.84923283147004,53.57218884893938,23.54261635832287,55.01240262035396,40.99411016477156
MPC,203.0,61022306304,98226003968.0,15.355521,14.831852,0.043747923076923,3.573881,0.457346,0.736,10.099,0.03033,0.07023,0.104779996,0.24292,,-0.005,3.51,143.175,,,,,0.708,1.88,Energy,Oil & Gas Refining & Marketing,Marathon Petroleum Corporation,United States,34.3485949321772,32.34052628288947,-44.74918348153592,1.0529667274338832,14.643921388845316,5.864520741278789,27.55401013294323,36.581046991375054,energy,28.57142857142857,14.285714285714285,57.14285714285714,100.0,71.42857142857143,0.043747923076923,37.557583841119865,72.81941846435726,59.02497798974194,61.31390874439232,1.453342971784754,High Risk,True,Marginally Profitable,6.416,High Risk,33.18210964779933,90.24768893170835,81.52744864686325,66.59752005689337,67.88869182081608
